Length,Diameter,Height,Whole_w,Shucked_w,Viscera_w,Shell_w
0.411945018,0.590744648,1.066887775,1.620854421,0.911567953,0.063903046,0.080992041
0.094724737,0.293436443,0.849268592,1.604519778,0.464925483,0.758359603,0.046188001
0.582959862,0.316902064,0.470801487,1.074791122,1.186710113,0.70490784,0.073603118
0.311888355,0.2359121,0.864290291,1.679865761,0.085975688,0.159178872,0.961701735
0.48216963,0.089940823,1.111213382,0.650237642,0.684160838,0.142293104,0.094824404
0.611935056,0.145072056,0.55910627,1.052864842,0.207434682,0.733145341,0.693051595
0.386124795,0.204750903,0.350922947,2.410672271,0.684996748,0.085749401,0.24429137
0.397391746,0.224723167,0.954683263,0.051733526,1.478348494,0.747624602,0.29299579
